RESOURCE_NAME,EMAIL
TENNYSON TAN TAT HOCK,tennysontan@silverglobe.com
WAN KAH POH,kahpoh.wan@silverglobe.com
LAM YOKE KHEI,yokekhei.lam@silverglobe.com
NG CHUAN HANG,chuanhang.ng@silverglobe.com
LIEW XI YU,xiyu.liew@silverglobe.com
CHEAH CHOO YEW,chooyew.cheah@silverglobe.com
NOOR JIHAN BT MOHD SARONI,jihan.saroni@silverglobe.com
KHAIRUL NIZAM BIN MAHAMAD,khairulnizam@silverglobe.com
CHUA PAK SIANG,paksiang.chua@silverglobe.com
SDINX,edmundchiu@silverglobe.com
