RESOURCE_NAME,EMAIL
LAW SOON WEI,lawrencelaw@silverglobe.com
LIM YEAR FONG,yflim@silverglobe.com
ALEXANDER LEE BENG THEAM,alexanderlee@silverglobe.com
KHOO HONG SEANG,edward.khoo@silverglobe.com
LOH KIM SERN,kimsern@silverglobe.com
LOW MEI SHIN,lowms@silverglobe.com
TEH CHEE POH,tehcp@silverglobe.com
CHONG CHEN HAO,chongch@silverglobe.com
GOH CHAI CHIN,gohcc@silverglobe.com
LIEW LI-YEN,liewly@silverglobe.com
WONG CHOONG WAI,dashwong@silverglobe.com
WAI KIM SWEE,waiks@silverglobe.com
